,Mean,Median,Std Dev,Variance,Minimum,Maximum,Skewness
gearbox_oil_temp,61.318326522070016,61.25,7.483349150717959,56.000514511551195,45.68,87.59,0.09617290236167456
gearbox_bearing_temp,69.85103496955861,70.79,8.343812971684121,69.6192149064442,51.09,95.83,-0.033255316021669486
vibration_x,0.019832117960426183,0.018750000000000003,0.005934288075703953,3.521577496544213e-05,0.0015,0.0479,0.8713857953173156
vibration_y,0.016857226788432267,0.0159,0.005044188081798109,2.5443833404554085e-05,0.0013,0.0407,0.8713671051831382
vibration_z,0.023798467275494676,0.0225,0.007121144355398525,5.0710696930424274e-05,0.0018,0.0574,0.8714037590587314
oil_pressure,4.345392275494672,4.35,0.11199552379000569,0.01254299734899773,3.44,4.65,-1.8312755246160426
particle_count,765.2672640791476,766.0,380.0347253798539,144426.39249454098,100.0,1438.0,-0.0031852307771251384
